[
    {
        "emp_id": "5678",
        "emp_name": "Alice Smith",
        "base_sal": 6000000,
        "team_name": "Frontend",
        "programming_languages": "javascript,typescript",
        "exp_year": 6,
        "salary": 21600000.0,
        "is_leader": true,
        "bonus_rate": 0.2
    },
    {
        "emp_id": "325defe9",
        "emp_name": "John Doe",
        "base_sal": 50000,
        "team_name": "TeamA",
        "programming_languages": "python,java",
        "exp_year": 5,
        "salary": 10050000,
        "is_leader": false
    },
    {
        "emp_id": "450a17d2",
        "emp_name": "New Name",
        "base_sal": 70000,
        "team_name": "TeamC",
        "programming_languages": "python,javascript",
        "exp_year": 3,
        "salary": 3070000,
        "is_leader": false
    },
    {
        "emp_id": "4bfd0dd4",
        "emp_name": "Test Dev",
        "base_sal": 60000,
        "team_name": "TeamC",
        "programming_languages": "python",
        "exp_year": 2,
        "salary": 60000,
        "is_leader": false
    },
    {
        "emp_id": "ee3df055",
        "emp_name": "Another Dev",
        "base_sal": 55000,
        "team_name": "TeamC",
        "programming_languages": "java",
        "exp_year": 1,
        "salary": 55000,
        "is_leader": false
    },
    {
        "emp_id": "bb1f6846",
        "emp_name": "Test Dev",
        "base_sal": 60000,
        "team_name": "TeamC",
        "programming_languages": "python",
        "exp_year": 2,
        "salary": 60000,
        "is_leader": false
    },
    {
        "emp_id": "42fb9917",
        "emp_name": "kquoc",
        "base_sal": 1000,
        "team_name": "TeamA",
        "programming_languages": "python,rust",
        "exp_year": 2,
        "salary": 1000,
        "is_leader": false
    },
    {
        "emp_id": "7bde2c44",
        "emp_name": "Quoc",
        "base_sal": 10,
        "team_name": "TeamE",
        "programming_languages": "rust",
        "exp_year": 1,
        "salary": 11.0,
        "is_leader": true,
        "bonus_rate": 0.1
    },
    {
        "emp_id": "837943ee",
        "emp_name": "kienquoc",
        "base_sal": 10000,
        "team_name": "TeamF",
        "programming_languages": "python",
        "exp_year": 2,
        "salary": 12000.0,
        "is_leader": true,
        "bonus_rate": 0.2
    },
    {
        "emp_id": "bf32a999",
        "emp_name": "Kien Quoc",
        "base_sal": 12000,
        "team_name": "Team Data",
        "programming_languages": "python",
        "exp_year": 4,
        "salary": 5616800.0,
        "is_leader": true,
        "bonus_rate": 0.4
    }
]