[
    {
        "emp_id": "T001",
        "emp_name": "Nguyen Thi B",
        "base_sal": 10000,
        "salary": 12000,
        "bonus_rate": 0.2,
        "type": "MT"
    },
    {
        "emp_id": "T002",
        "emp_name": "Tran Thi B",
        "base_sal": 12000000,
        "salary": 13200000,
        "bonus_rate": 0.1,
        "type": "AM"
    },
    {
        "emp_id": "T003",
        "emp_name": "Le Thi D",
        "base_sal": 109,
        "salary": 152,
        "bonus_rate": 0.4,
        "type": "AM"
    },
    {
        "emp_id": "900c8e54",
        "emp_name": "ducvy",
        "base_sal": 1000000,
        "salary": 1200000,
        "bonus_rate": 0.2,
        "type": "AM"
    },
    {
        "emp_id": "c9d8d290",
        "emp_name": "VV",
        "base_sal": 10,
        "salary": 13,
        "bonus_rate": 0.3,
        "type": "AM"
    }
]